contract_name,owner,health_score,validation_score,completeness_score,lint_score,documentation_score,validation_passed,total_models,total_fields,empty_fields_count,has_examples,completeness_percentage,domain
Catalogue_Towers_3X,jasper.meyer@siemensgamesa.com,81.5,40,26.5,15,0.0,True,1,34,4,True,88.23529411764706,towerdatahub
Catalogue_Towers_3X,jasper.meyer@siemensgamesa.com,81.5,40,26.5,15,0.0,True,1,34,4,True,88.23529411764706,towerdatahub
Catalogue_Towers_4X,jasper.meyer@siemensgamesa.com,80.6,40,25.6,15,0.0,True,1,34,5,True,85.29411764705883,towerdatahub
Catalogue_Towers_4X,jasper.meyer@siemensgamesa.com,80.6,40,25.6,15,0.0,True,1,34,5,True,85.29411764705883,towerdatahub
Catalogue_Towers_5X,jasper.meyer@siemensgamesa.com,84.1,40,29.1,15,0.0,True,1,34,1,True,97.05882352941177,towerdatahub
Catalogue_Towers_5X,jasper.meyer@siemensgamesa.com,84.1,40,29.1,15,0.0,True,1,34,1,True,97.05882352941177,towerdatahub
ProjectConfig_Config_Details,stefan.philipp@siemensgamesa.com,78.3,40,23.3,15,0.0,True,1,27,6,True,77.77777777777779,projectconfig
ProjectConfig_Config_Details,stefan.philipp@siemensgamesa.com,78.3,40,23.3,15,0.0,True,1,27,6,True,77.77777777777779,projectconfig
ProjectConfig_Config_Master,stefan.philipp@siemensgamesa.com,78.3,40,23.3,15,0.0,True,1,27,6,True,77.77777777777779,projectconfig
ProjectConfig_Config_Master,stefan.philipp@siemensgamesa.com,78.3,40,23.3,15,0.0,True,1,27,6,True,77.77777777777779,projectconfig
ProjectConfig_Feature_Details,stefan.philipp@siemensgamesa.com,76.4,40,21.4,15,0.0,True,1,14,4,True,71.42857142857143,projectconfig
ProjectConfig_Feature_Details,stefan.philipp@siemensgamesa.com,76.4,40,21.4,15,0.0,True,1,14,4,True,71.42857142857143,projectconfig
SST_Auto_Design_Time,jasper.meyer@siemensgamesa.com,75.0,40,20.0,15,0.0,True,1,18,6,True,66.66666666666666,towerselect
SST_Auto_Design_Time,jasper.meyer@siemensgamesa.com,75.0,40,20.0,15,0.0,True,1,18,6,True,66.66666666666666,towerselect
SST_Costing_Time,jasper.meyer@siemensgamesa.com,85.0,40,30.0,15,0.0,True,1,19,0,True,100.0,towerselect
SST_Costing_Time,jasper.meyer@siemensgamesa.com,85.0,40,30.0,15,0.0,True,1,19,0,True,100.0,towerselect
SST_Manual_Detailed_Time,jasper.meyer@siemensgamesa.com,78.7,40,23.7,15,0.0,True,1,19,4,True,78.94736842105263,towerselect
SST_Manual_Detailed_Time,jasper.meyer@siemensgamesa.com,78.7,40,23.7,15,0.0,True,1,19,4,True,78.94736842105263,towerselect
SST_Manual_Simplified_Time,jasper.meyer@siemensgamesa.com,77.5,40,22.5,15,0.0,True,1,16,4,True,75.0,towerselect
SST_Manual_Simplified_Time,jasper.meyer@siemensgamesa.com,77.5,40,22.5,15,0.0,True,1,16,4,True,75.0,towerselect
STP_Time,jasper.meyer@siemensgamesa.com,80.0,40,25.0,15,0.0,True,1,18,3,True,83.33333333333334,towerselect
STP_Time,jasper.meyer@siemensgamesa.com,80.0,40,25.0,15,0.0,True,1,18,3,True,83.33333333333334,towerselect
Salesforce_Opportunities,talal.chaudhry@siemensgamesa.com,75.4,40,20.4,15,0.0,True,1,53,17,True,67.9245283018868,salesforce
Salesforce_Opportunities,talal.chaudhry@siemensgamesa.com,77.1,40,22.1,15,0.0,True,1,53,14,True,73.58490566037736,salesforce
Salesforce_Proposals,talal.chaudhry@siemensgamesa.com,75.9,40,20.9,15,0.0,True,1,23,7,True,69.56521739130434,salesforce
Salesforce_Proposals,talal.chaudhry@siemensgamesa.com,69.3,40,14.3,15,0.0,True,1,23,12,True,47.82608695652174,salesforce
Salesforce_QuoteLines,talal.chaudhry@siemensgamesa.com,74.4,40,19.4,15,0.0,True,1,34,12,True,64.70588235294117,salesforce
Salesforce_QuoteLines,talal.chaudhry@siemensgamesa.com,74.4,40,19.4,15,0.0,True,1,34,12,True,64.70588235294117,salesforce
Salesforce_Quotes,talal.chaudhry@siemensgamesa.com,85.0,40,30.0,15,0.0,True,1,16,0,True,100.0,salesforce
Salesforce_Quotes,talal.chaudhry@siemensgamesa.com,83.1,40,28.1,15,0.0,True,1,16,1,True,93.75,salesforce
Site_Specific_Towers_SST,jasper.meyer@siemensgamesa.com,28.1,0,28.1,0,0.0,False,1,16,1,True,93.75,towerdatahub
Site_Specific_Towers_SST,jasper.meyer@siemensgamesa.com,28.1,0,28.1,0,0.0,False,1,16,1,True,93.75,towerselect
Site_Specific_Towers_SST,jasper.meyer@siemensgamesa.com,28.1,0,28.1,0,0.0,False,1,16,1,True,93.75,towerselect
ZCV_DFP_CASH_MONITOR,steven.balding@siemensgamesa.com,80.2,40,25.2,15,0.0,True,1,25,4,True,84.0,sap_bw
ZCV_DFP_CASH_MONITOR,steven.balding@siemensgamesa.com,80.2,40,25.2,15,0.0,True,1,25,4,True,84.0,sap_bw
ZCV_DFP_FREEANALYSIS,steven.balding@siemensgamesa.com,74.4,40,19.4,15,0.0,True,1,31,11,True,64.51612903225806,sap_bw
ZCV_DFP_FREEANALYSIS,steven.balding@siemensgamesa.com,74.4,40,19.4,15,0.0,True,1,31,11,True,64.51612903225806,sap_bw
ZCV_DFP_FREE_CASHFLOW,steven.balding@siemensgamesa.com,56.4,40,1.4,15,0.0,True,1,347,331,True,4.610951008645533,sap_bw
ZCV_DFP_FREE_CASHFLOW,steven.balding@siemensgamesa.com,56.4,40,1.4,15,0.0,True,1,347,331,True,4.610951008645533,sap_bw
ZCV_GEP_CC_KS13,steven.balding@siemensgamesa.com,64.1,40,9.1,15,0.0,True,1,82,57,True,30.48780487804878,sap_bw
ZCV_GEP_CC_KS13,steven.balding@siemensgamesa.com,65.6,40,10.6,15,0.0,True,1,82,53,True,35.36585365853659,sap_bw
ZCV_GEP_PC_KE5X,steven.balding@siemensgamesa.com,63.7,40,8.7,15,0.0,True,1,38,27,True,28.947368421052634,sap_bw
ZCV_GEP_PC_KE5X,steven.balding@siemensgamesa.com,63.7,40,8.7,15,0.0,True,1,38,27,True,28.947368421052634,sap_bw
ZCV_GL_DFP_BLSHT_V001,steven.balding@siemensgamesa.com,62.6,40,7.6,15,0.0,True,1,197,147,True,25.380710659898476,sap_bw
ZCV_GL_DFP_BLSHT_V001,steven.balding@siemensgamesa.com,62.6,40,7.6,15,0.0,True,1,197,147,True,25.380710659898476,sap_bw
ZCV_GL_DFP_CASH_FLOW_V001,steven.balding@siemensgamesa.com,59.2,40,4.2,15,0.0,True,1,389,334,True,14.138817480719796,sap_bw
ZCV_GL_DFP_CASH_FLOW_V001,steven.balding@siemensgamesa.com,59.2,40,4.2,15,0.0,True,1,389,334,True,14.138817480719796,sap_bw
ZCV_GL_DFP_VOLIS_V001,steven.balding@siemensgamesa.com,62.7,40,7.7,15,0.0,True,1,264,196,True,25.757575757575758,sap_bw
ZCV_GL_DFP_VOLIS_V001,steven.balding@siemensgamesa.com,62.7,40,7.7,15,0.0,True,1,264,196,True,25.757575757575758,sap_bw
ZCV_PRCTR_GROUP,steven.balding@siemensgamesa.com,67.0,40,12.0,15,0.0,True,1,10,6,True,40.0,sap_bw
ZCV_PRCTR_GROUP,steven.balding@siemensgamesa.com,73.0,40,18.0,15,0.0,True,1,10,4,True,60.0,sap_bw
ZCV_SRP_CC_KS13,steven.balding@siemensgamesa.com,64.9,40,9.9,15,0.0,True,1,82,55,True,32.926829268292686,sap_bw
ZCV_SRP_CC_KS13,steven.balding@siemensgamesa.com,64.9,40,9.9,15,0.0,True,1,82,55,True,32.926829268292686,sap_bw
ZCV_SRP_PC_KE5X,steven.balding@siemensgamesa.com,62.9,40,7.9,15,0.0,True,1,38,28,True,26.31578947368421,sap_bw
ZCV_SRP_PC_KE5X,steven.balding@siemensgamesa.com,62.9,40,7.9,15,0.0,True,1,38,28,True,26.31578947368421,sap_bw
datatypes_1,absy_admin@siemensgamesa.com,82.5,40,27.5,15,0.0,True,1,24,2,True,91.66666666666666,default
datatypes_1,absy_admin@siemensgamesa.com,95.0,40,27.5,15,12.5,True,1,24,2,True,91.66666666666666,default
datatypes_1,absy_admin@siemensgamesa.com,97.5,40,27.5,15,15.0,True,1,24,2,True,91.66666666666666,default
